{
"lengthUnit": "mil",
"components": {
	"fields": ["COMPONENT_NO", "COMPONENT_NAME", "LAYER", "X_COORDINATE", "Y_COORDINATE", "ANGLE"],
	"rows": [
		[1, "BT1", "B", 2245, -1200, 180],
		[2, "C1", "T", 1634.49, -839, 270],
		[3, "C2", "T", 1854.49, -839, 270],
		[4, "C3", "T", 2004, -800, 90],
		[5, "C4", "T", 2379.05, -885, 270],
		[6, "C5", "T", 1635, -1173, 90],
		[7, "C6", "T", 1855, -1173, 90],
		[8, "C7", "T", 2006, -1251.07, 270],
		[9, "C8", "T", 1290, -1195, 180],
		[10, "C9", "T", 1290, -1120, 180],
		[11, "C10", "T", 990, -1326, 90],
		[12, "C11", "T", 1080, -1326, 90],
		[13, "C12", "T", 804, -1494, 90],
		[14, "C13", "T", 1174, -1842, 0],
		[15, "C14", "T", 1174, -2308, 0],
		[16, "C15", "T", 1886, -2388, 180],
		[17, "C16", "T", 1974, -1804, 180],
		[18, "C17", "T", 1672, -1518, 270],
		[19, "C18", "B", 2164, -1580, 90],
		[20, "C19", "T", 1170, -1496, 270],
		[21, "C20", "T", 1340, -1522, 90],
		[22, "C21", "T", 1588, -1518, 90],
		[23, "C22", "T", 1875, -1486, 270],
		[24, "C23", "T", 1775, -1486, 270],
		[25, "C24", "T", 700, -2725, 0],
		[26, "C25", "T", 758.31, -3110, 180],
		[27, "C26", "T", 1356.66, -3110, 180],
		[28, "C27", "T", 1955, -3110, 180],
		[29, "C28", "T", 728, -946, 0],
		[30, "CN1", "T", 2710, -167.39, 180],
		[31, "D1", "B", 2280, -1584, 0],
		[32, "DC1", "T", 2285, -430, 90],
		[33, "H1", "T", 1355, -2890, 270],
		[34, "H2", "T", 314.96, -1574.8, 270],
		[35, "H3", "T", 2834.65, -1574.8, 270],
		[36, "H4", "T", 265, -2930, 90],
		[37, "L1", "T", 2190.18, -1189, 90],
		[38, "LED1", "T", 3075, -350, 0],
		[39, "LED2", "T", 3075, -280, 0],
		[40, "LED3", "T", 1876, -2808, 0],
		[41, "LED4", "T", 1876, -2885.5, 0],
		[42, "LED5", "T", 1876, -2963, 0],
		[43, "P1", "T", 2440.94, -3714.57, 0],
		[44, "P2", "T", 708.66, -3714.57, 0],
		[45, "P3", "T", 1574.8, -3714.57, 0],
		[46, "Q1", "T", 1080, -710, 0],
		[47, "Q2", "T", 1255, -710, 0],
		[48, "R1", "T", 835, -190, 0],
		[49, "R2", "T", 835, -125, 0],
		[50, "R3", "T", 2444, -750, 270],
		[51, "R4", "T", 2379.05, -750, 270],
		[52, "R5", "T", 2940, -350.1, 0],
		[53, "R6", "T", 2940, -280.1, 0],
		[54, "R7", "T", 902, -1326, 270],
		[55, "R8", "T", 1170, -1326, 270],
		[56, "R9", "T", 902, -1494, 270],
		[57, "R10", "T", 830, -2725, 0],
		[58, "R11", "T", 1057.48, -3106.05, 0],
		[59, "R12", "T", 1655.83, -3106.05, 0],
		[60, "R13", "T", 1455, -190, 0],
		[61, "R14", "T", 1455, -125, 0],
		[62, "R15", "T", 1088, -414, 180],
		[63, "R16", "T", 2021, -2808, 180],
		[64, "R17", "T", 2021, -2885.5, 180],
		[65, "R18", "T", 2021, -2963, 180],
		[66, "R19", "B", 2225, -3410, 0],
		[67, "R20", "B", 2064.32, -3410, 180],
		[68, "R21", "T", 2860, -3560, 90],
		[69, "R22", "T", 2790, -3559.53, 90],
		[70, "R23", "T", 1130, -3559.53, 270],
		[71, "R24", "T", 1058, -3559.53, 270],
		[72, "R25", "T", 1990, -3559.53, 270],
		[73, "R26", "T", 1920, -3559.53, 270],
		[74, "R27", "T", 1085, -595, 0],
		[75, "R28", "T", 1085, -815, 0],
		[76, "R29", "T", 1255, -815, 0],
		[77, "R30", "T", 1370, -710, 270],
		[78, "SCREW1", "T", 125.98, -125.98, 0],
		[79, "SCREW2", "T", 3023.62, -125.98, 0],
		[80, "SCREW3", "T", 125.98, -3807.09, 0],
		[81, "SCREW4", "T", 3023.62, -3811.02, 0],
		[82, "SW1", "T", 758.31, -2921.89, 0],
		[83, "SW2", "T", 758.31, -3285, 0],
		[84, "SW3", "T", 1356.65, -3285, 0],
		[85, "SW4", "T", 1955, -3285, 0],
		[86, "U1", "T", 1884, -608, 0],
		[87, "U2", "T", 2190, -744, 90],
		[88, "U3", "T", 2190, -934, 0],
		[89, "U4", "T", 1815, -180, 0],
		[90, "U5", "T", 1450, -452, 270],
		[91, "U6", "T", 1080, -1080, 270],
		[92, "U7", "T", 1574, -2050, 180],
		[93, "U8", "T", 1038, -1496, 180],
		[94, "U9", "T", 2490, -2936.46, 0],
		[95, "U10", "T", 2490, -3318.54, 0],
		[96, "U11", "T", 2880, -2936.46, 0],
		[97, "U12", "T", 2880, -3318.54, 0],
		[98, "U13", "B", 1102.36, -3700.79, 180],
		[99, "U14", "B", 2047.24, -3700.79, 180],
		[100, "U15", "T", 815, -705, 90],
		[101, "U16", "T", 1270, -594.85, 0],
		[102, "USB1", "T", 530, -165, 180],
		[103, "USB2", "T", 1160, -165, 180],
		[104, "X1", "T", 1464, -1522, 0],
		[105, "X2", "T", 1825, -1596, 0]
	]
},
"pins": {
	"fields": ["PIN_NO", "PIN_NAME", "PIN_X", "PIN_Y", "LAYER", "PIN_TYPE", "NET_NAME", "NET_TYPE", "PAD_SHAPE", "PAD_SIZEX", "PAD_SIZEY", "HOLE_SIZE", "PAD_ANGLE"],
	"rows": [
		[1, "BT1_1", 2583.58, -1200, "B", "SMD", "$1N1478", "", "R", 177.16, 90.55, 0, 0],
		[2, "BT1_2", 1906.42, -1200, "B", "SMD", "GND", "GND", "R", 177.16, 90.55, 0, 0],
		[3, "C1_1", 1634.49, -756.32, "T", "SMD", "$2N1087", "", "R", 110.24, 43.31, 0, 270],
		[4, "C1_2", 1634.49, -921.68, "T", "SMD", "GND", "GND", "R", 110.24, 43.31, 0, 270],
		[5, "C2_1", 1854.49, -756.32, "T", "SMD", "$2N1087", "", "R", 110.24, 43.31, 0, 270],
		[6, "C2_2", 1854.49, -921.68, "T", "SMD", "GND", "GND", "R", 110.24, 43.31, 0, 270],
		[7, "C3_1", 2004, -827.56, "T", "SMD", "GND", "GND", "R", 31.5, 35.43, 0, 90],
		[8, "C3_2", 2004, -772.44, "T", "SMD", "$2N1087", "", "R", 31.5, 35.43, 0, 90],
		[9, "C4_1", 2379.05, -857.44, "T", "SMD", "$2N1532", "", "R", 31.5, 35.43, 0, 270],
		[10, "C4_2", 2379.05, -912.56, "T", "SMD", "$2N1523", "", "R", 31.5, 35.43, 0, 270],
		[11, "C5_1", 1635, -1255.68, "T", "SMD", "USB+5V", "", "R", 110.24, 43.31, 0, 90],
		[12, "C5_2", 1635, -1090.32, "T", "SMD", "GND", "GND", "R", 110.24, 43.31, 0, 90],
		[13, "C6_1", 1855, -1255.68, "T", "SMD", "USB+5V", "", "R", 110.24, 43.31, 0, 90],
		[14, "C6_2", 1855, -1090.32, "T", "SMD", "GND", "GND", "R", 110.24, 43.31, 0, 90],
		[15, "C7_1", 2006, -1223.51, "T", "SMD", "GND", "GND", "R", 31.5, 35.43, 0, 270],
		[16, "C7_2", 2006, -1278.63, "T", "SMD", "USB+5V", "", "R", 31.5, 35.43, 0, 270],
		[17, "C8_1", 1317.56, -1195, "T", "SMD", "GND", "GND", "R", 31.5, 35.43, 0, 180],
		[18, "C8_2", 1262.44, -1195, "T", "SMD", "VCC+5V", "", "R", 31.5, 35.43, 0, 180],
		[19, "C9_1", 1317.56, -1120, "T", "SMD", "GND", "GND", "R", 31.5, 35.43, 0, 180],
		[20, "C9_2", 1262.44, -1120, "T", "SMD", "VCC+5V", "", "R", 31.5, 35.43, 0, 180],
		[21, "C10_1", 990, -1353.56, "T", "SMD", "GND", "GND", "R", 31.5, 35.43, 0, 90],
		[22, "C10_2", 990, -1298.44, "T", "SMD", "VCC+3.3V", "", "R", 31.5, 35.43, 0, 90],
		[23, "C11_1", 1080, -1353.56, "T", "SMD", "GND", "GND", "R", 31.5, 35.43, 0, 90],
		[24, "C11_2", 1080, -1298.44, "T", "SMD", "VCC+3.3V", "", "R", 31.5, 35.43, 0, 90],
		[25, "C12_1", 804, -1521.56, "T", "SMD", "AGND", "", "R", 31.5, 35.43, 0, 90],
		[26, "C12_2", 804, -1466.44, "T", "SMD", "VCCA+3.3V", "", "R", 31.5, 35.43, 0, 90],
		[27, "C13_1", 1146.44, -1842, "T", "SMD", "GND", "GND", "R", 31.5, 35.43, 0, 0],
		[28, "C13_2", 1201.56, -1842, "T", "SMD", "VCC+3.3V", "", "R", 31.5, 35.43, 0, 0],
		[29, "C14_1", 1146.44, -2308, "T", "SMD", "GND", "GND", "R", 31.5, 35.43, 0, 0],
		[30, "C14_2", 1201.56, -2308, "T", "SMD", "VCC+3.3V", "", "R", 31.5, 35.43, 0, 0],
		[31, "C15_1", 1913.56, -2388, "T", "SMD", "GND", "GND", "R", 31.5, 35.43, 0, 180],
		[32, "C15_2", 1858.44, -2388, "T", "SMD", "VCC+3.3V", "", "R", 31.5, 35.43, 0, 180],
		[33, "C16_1", 2001.56, -1804, "T", "SMD", "GND", "GND", "R", 31.5, 35.43, 0, 180],
		[34, "C16_2", 1946.44, -1804, "T", "SMD", "VCC+3.3V", "", "R", 31.5, 35.43, 0, 180],
		[35, "C17_1", 1672, -1490.44, "T", "SMD", "GND", "GND", "R", 31.5, 35.43, 0, 270],
		[36, "C17_2", 1672, -1545.56, "T", "SMD", "VCC+3.3V", "", "R", 31.5, 35.43, 0, 270],
		[37, "C18_1", 2164, -1607.56, "B", "SMD", "$1N1482", "", "R", 31.5, 35.43, 0, 90],
		[38, "C18_2", 2164, -1552.44, "B", "SMD", "GND", "GND", "R", 31.5, 35.43, 0, 90],
		[39, "C19_1", 1170, -1468.44, "T", "SMD", "AGND", "", "R", 31.5, 35.43, 0, 270],
		[40, "C19_2", 1170, -1523.56, "T", "SMD", "$1N1974", "", "R", 31.5, 35.43, 0, 270],
		[41, "C20_1", 1340, -1549.56, "T", "SMD", "OSCH2", "", "R", 31.5, 35.43, 0, 90],
		[42, "C20_2", 1340, -1494.44, "T", "SMD", "GND", "GND", "R", 31.5, 35.43, 0, 90],
		[43, "C21_1", 1588, -1545.56, "T", "SMD", "GND", "GND", "R", 31.5, 35.43, 0, 90],
		[44, "C21_2", 1588, -1490.44, "T", "SMD", "OSCH1", "", "R", 31.5, 35.43, 0, 90],
		[45, "C22_1", 1875, -1458.44, "T", "SMD", "GND", "GND", "R", 31.5, 35.43, 0, 270],
		[46, "C22_2", 1875, -1513.56, "T", "SMD", "OSCL1", "", "R", 31.5, 35.43, 0, 270],
		[47, "C23_1", 1775, -1458.44, "T", "SMD", "GND", "GND", "R", 31.5, 35.43, 0, 270],
		[48, "C23_2", 1775, -1513.56, "T", "SMD", "OSCL2", "", "R", 31.5, 35.43, 0, 270],
		[49, "C24_1", 672.44, -2725, "T", "SMD", "GND", "GND", "R", 31.5, 35.43, 0, 0],
		[50, "C24_2", 727.56, -2725, "T", "SMD", "RST", "", "R", 31.5, 35.43, 0, 0],
		[51, "C25_1", 785.87, -3110, "T", "SMD", "GND", "GND", "R", 31.5, 35.43, 0, 180],
		[52, "C25_2", 730.75, -3110, "T", "SMD", "PE13", "", "R", 31.5, 35.43, 0, 180],
		[53, "C26_1", 1384.22, -3110, "T", "SMD", "GND", "GND", "R", 31.5, 35.43, 0, 180],
		[54, "C26_2", 1329.1, -3110, "T", "SMD", "PE14", "", "R", 31.5, 35.43, 0, 180],
		[55, "C27_1", 1982.56, -3110, "T", "SMD", "GND", "GND", "R", 31.5, 35.43, 0, 180],
		[56, "C27_2", 1927.44, -3110, "T", "SMD", "PE15", "", "R", 31.5, 35.43, 0, 180],
		[57, "C28_1", 700.44, -946, "T", "SMD", "VCC+3.3V", "", "R", 31.5, 35.43, 0, 0],
		[58, "C28_2", 755.56, -946, "T", "SMD", "GND", "GND", "R", 31.5, 35.43, 0, 0],
		[59, "CN1_1", 2785, -167.39, "T", "DIP", "GND", "GND", "C", 70.87, 70.87, 51.18, 180],
		[60, "CN1_1", 2785, -167.39, "B", "DIP", "GND", "GND", "C", 70.87, 70.87, 51.18, 180],
		[61, "CN1_2", 2635, -167.39, "T", "DIP", "$2N821", "", "C", 70.87, 70.87, 51.18, 180],
		[62, "CN1_2", 2635, -167.39, "B", "DIP", "$2N821", "", "C", 70.87, 70.87, 51.18, 180],
		[63, "D1_1", 2319.37, -1546.6, "B", "SMD", "VCC+3.3V", "", "R", 49.21, 27.56, 0, 0],
		[64, "D1_2", 2319.37, -1621.4, "B", "SMD", "$1N1478", "", "R", 49.21, 27.56, 0, 0],
		[65, "D1_3", 2240.63, -1584, "B", "SMD", "$1N1482", "", "R", 49.21, 27.56, 0, 0],
		[66, "DC1_1", 2297.51, -557.04, "T", "DIP", "$2N821", "", "O", 78.74, 181.1, 145.67, 270],
		[67, "DC1_1", 2297.51, -557.04, "B", "DIP", "$2N821", "", "O", 78.74, 181.1, 145.67, 270],
		[68, "DC1_2", 2297.53, -312.96, "T", "DIP", "GND", "GND", "O", 78.74, 181.1, 145.67, 90],
		[69, "DC1_2", 2297.53, -312.96, "B", "DIP", "GND", "GND", "O", 78.74, 181.1, 145.67, 90],
		[70, "DC1_3", 2112.47, -438.94, "T", "DIP", "GND", "GND", "O", 181.1, 78.74, 145.67, 270],
		[71, "DC1_3", 2112.47, -438.94, "B", "DIP", "GND", "GND", "O", 181.1, 78.74, 145.67, 270],
		[72, "H1_1", 1305, -2790, "T", "DIP", "VCC+3.3V", "", "R", 62.99, 62.99, 41.34, 270],
		[73, "H1_1", 1305, -2790, "B", "DIP", "VCC+3.3V", "", "R", 62.99, 62.99, 41.34, 270],
		[74, "H1_2", 1405, -2790, "T", "DIP", "VCC+3.3V", "", "C", 62.99, 62.99, 41.34, 270],
		[75, "H1_2", 1405, -2790, "B", "DIP", "VCC+3.3V", "", "C", 62.99, 62.99, 41.34, 270],
		[76, "H1_3", 1305, -2890, "T", "DIP", "$1N3287", "", "C", 62.99, 62.99, 41.34, 270],
		[77, "H1_3", 1305, -2890, "B", "DIP", "$1N3287", "", "C", 62.99, 62.99, 41.34, 270],
		[78, "H1_4", 1405, -2890, "T", "DIP", "$1N3292", "", "C", 62.99, 62.99, 41.34, 270],
		[79, "H1_4", 1405, -2890, "B", "DIP", "$1N3292", "", "C", 62.99, 62.99, 41.34, 270],
		[80, "H1_5", 1305, -2990, "T", "DIP", "GND", "GND", "C", 62.99, 62.99, 41.34, 270],
		[81, "H1_5", 1305, -2990, "B", "DIP", "GND", "GND", "C", 62.99, 62.99, 41.34, 270],
		[82, "H1_6", 1405, -2990, "T", "DIP", "GND", "GND", "C", 62.99, 62.99, 41.34, 270],
		[83, "H1_6", 1405, -2990, "B", "DIP", "GND", "GND", "C", 62.99, 62.99, 41.34, 270],
		[84, "H2_1", 264.96, -474.8, "T", "DIP", "VCC+5V", "", "R", 62.99, 62.99, 41.34, 270],
		[85, "H2_1", 264.96, -474.8, "B", "DIP", "VCC+5V", "", "R", 62.99, 62.99, 41.34, 270],
		[86, "H2_2", 364.96, -474.8, "T", "DIP", "VCC+3.3V", "", "C", 62.99, 62.99, 41.34, 270],
		[87, "H2_2", 364.96, -474.8, "B", "DIP", "VCC+3.3V", "", "C", 62.99, 62.99, 41.34, 270],
		[88, "H2_3", 264.96, -574.8, "T", "DIP", "VCC+5V", "", "C", 62.99, 62.99, 41.34, 270],
		[89, "H2_3", 264.96, -574.8, "B", "DIP", "VCC+5V", "", "C", 62.99, 62.99, 41.34, 270],
		[90, "H2_4", 364.96, -574.8, "T", "DIP", "VCC+3.3V", "", "C", 62.99, 62.99, 41.34, 270],
		[91, "H2_4", 364.96, -574.8, "B", "DIP", "VCC+3.3V", "", "C", 62.99, 62.99, 41.34, 270],
		[92, "H2_5", 264.96, -674.8, "T", "DIP", "VCC+5V", "", "C", 62.99, 62.99, 41.34, 270],
		[93, "H2_5", 264.96, -674.8, "B", "DIP", "VCC+5V", "", "C", 62.99, 62.99, 41.34, 270],
		[94, "H2_6", 364.96, -674.8, "T", "DIP", "VCC+3.3V", "", "C", 62.99, 62.99, 41.34, 270],
		[95, "H2_6", 364.96, -674.8, "B", "DIP", "VCC+3.3V", "", "C", 62.99, 62.99, 41.34, 270],
		[96, "H2_7", 264.96, -774.8, "T", "DIP", "VCC+5V", "", "C", 62.99, 62.99, 41.34, 270],
		[97, "H2_7", 264.96, -774.8, "B", "DIP", "VCC+5V", "", "C", 62.99, 62.99, 41.34, 270],
		[98, "H2_8", 364.96, -774.8, "T", "DIP", "VCC+3.3V", "", "C", 62.99, 62.99, 41.34, 270],
		[99, "H2_8", 364.96, -774.8, "B", "DIP", "VCC+3.3V", "", "C", 62.99, 62.99, 41.34, 270],
		[100, "H2_9", 264.96, -874.8, "T", "DIP", "GND", "GND", "C", 62.99, 62.99, 41.34, 270],
		[101, "H2_9", 264.96, -874.8, "B", "DIP", "GND", "GND", "C", 62.99, 62.99, 41.34, 270],
		[102, "H2_10", 364.96, -874.8, "T", "DIP", "GND", "GND", "C", 62.99, 62.99, 41.34, 270],
		[103, "H2_10", 364.96, -874.8, "B", "DIP", "GND", "GND", "C", 62.99, 62.99, 41.34, 270],
		[104, "H2_11", 264.96, -974.8, "T", "DIP", "GND", "GND", "C", 62.99, 62.99, 41.34, 270],
		[105, "H2_11", 264.96, -974.8, "B", "DIP", "GND", "GND", "C", 62.99, 62.99, 41.34, 270],
		[106, "H2_12", 364.96, -974.8, "T", "DIP", "GND", "GND", "C", 62.99, 62.99, 41.34, 270],
		[107, "H2_12", 364.96, -974.8, "B", "DIP", "GND", "GND", "C", 62.99, 62.99, 41.34, 270],
		[108, "H2_13", 264.96, -1074.8, "T", "DIP", "PE3", "", "C", 62.99, 62.99, 41.34, 270],
		[109, "H2_13", 264.96, -1074.8, "B", "DIP", "PE3", "", "C", 62.99, 62.99, 41.34, 270],
		[110, "H2_14", 364.96, -1074.8, "T", "DIP", "PE2", "", "C", 62.99, 62.99, 41.34, 270],
		[111, "H2_14", 364.96, -1074.8, "B", "DIP", "PE2", "", "C", 62.99, 62.99, 41.34, 270],
		[112, "H2_15", 264.96, -1174.8, "T", "DIP", "PE5", "", "C", 62.99, 62.99, 41.34, 270],
		[113, "H2_15", 264.96, -1174.8, "B", "DIP", "PE5", "", "C", 62.99, 62.99, 41.34, 270],
		[114, "H2_16", 364.96, -1174.8, "T", "DIP", "PE4", "", "C", 62.99, 62.99, 41.34, 270],
		[115, "H2_16", 364.96, -1174.8, "B", "DIP", "PE4", "", "C", 62.99, 62.99, 41.34, 270],
		[116, "H2_17", 264.96, -1274.8, "T", "DIP", "PC13", "", "C", 62.99, 62.99, 41.34, 270],
		[117, "H2_17", 264.96, -1274.8, "B", "DIP", "PC13", "", "C", 62.99, 62.99, 41.34, 270],
		[118, "H2_18", 364.96, -1274.8, "T", "DIP", "PE6", "", "C", 62.99, 62.99, 41.34, 270],
		[119, "H2_18", 364.96, -1274.8, "B", "DIP", "PE6", "", "C", 62.99, 62.99, 41.34, 270],
		[120, "H2_19", 264.96, -1374.8, "T", "DIP", "PC1", "", "C", 62.99, 62.99, 41.34, 270],
		[121, "H2_19", 264.96, -1374.8, "B", "DIP", "PC1", "", "C", 62.99, 62.99, 41.34, 270],
		[122, "H2_20", 364.96, -1374.8, "T", "DIP", "PC0", "", "C", 62.99, 62.99, 41.34, 270],
		[123, "H2_20", 364.96, -1374.8, "B", "DIP", "PC0", "", "C", 62.99, 62.99, 41.34, 270],
		[124, "H2_21", 264.96, -1474.8, "T", "DIP", "PC3", "", "C", 62.99, 62.99, 41.34, 270],
		[125, "H2_21", 264.96, -1474.8, "B", "DIP", "PC3", "", "C", 62.99, 62.99, 41.34, 270],
		[126, "H2_22", 364.96, -1474.8, "T", "DIP", "PC2", "", "C", 62.99, 62.99, 41.34, 270],
		[127, "H2_22", 364.96, -1474.8, "B", "DIP", "PC2", "", "C", 62.99, 62.99, 41.34, 270],
		[128, "H2_23", 264.96, -1574.8, "T", "DIP", "PA1", "", "C", 62.99, 62.99, 41.34, 270],
		[129, "H2_23", 264.96, -1574.8, "B", "DIP", "PA1", "", "C", 62.99, 62.99, 41.34, 270],
		[130, "H2_24", 364.96, -1574.8, "T", "DIP", "PA0", "", "C", 62.99, 62.99, 41.34, 270],
		[131, "H2_24", 364.96, -1574.8, "B", "DIP", "PA0", "", "C", 62.99, 62.99, 41.34, 270],
		[132, "H2_25", 264.96, -1674.8, "T", "DIP", "PA3", "", "C", 62.99, 62.99, 41.34, 270],
		[133, "H2_25", 264.96, -1674.8, "B", "DIP", "PA3", "", "C", 62.99, 62.99, 41.34, 270],
		[134, "H2_26", 364.96, -1674.8, "T", "DIP", "PA2", "", "C", 62.99, 62.99, 41.34, 270],
		[135, "H2_26", 364.96, -1674.8, "B", "DIP", "PA2", "", "C", 62.99, 62.99, 41.34, 270],
		[136, "H2_27", 264.96, -1774.8, "T", "DIP", "PA5", "", "C", 62.99, 62.99, 41.34, 270],
		[137, "H2_27", 264.96, -1774.8, "B", "DIP", "PA5", "", "C", 62.99, 62.99, 41.34, 270],
		[138, "H2_28", 364.96, -1774.8, "T", "DIP", "PA4", "", "C", 62.99, 62.99, 41.34, 270],
		[139, "H2_28", 364.96, -1774.8, "B", "DIP", "PA4", "", "C", 62.99, 62.99, 41.34, 270],
		[140, "H2_29", 264.96, -1874.8, "T", "DIP", "PA7", "", "C", 62.99, 62.99, 41.34, 270],
		[141, "H2_29", 264.96, -1874.8, "B", "DIP", "PA7", "", "C", 62.99, 62.99, 41.34, 270],
		[142, "H2_30", 364.96, -1874.8, "T", "DIP", "PA6", "", "C", 62.99, 62.99, 41.34, 270],
		[143, "H2_30", 364.96, -1874.8, "B", "DIP", "PA6", "", "C", 62.99, 62.99, 41.34, 270],
		[144, "H2_31", 264.96, -1974.8, "T", "DIP", "PC5", "", "C", 62.99, 62.99, 41.34, 270],
		[145, "H2_31", 264.96, -1974.8, "B", "DIP", "PC5", "", "C", 62.99, 62.99, 41.34, 270],
		[146, "H2_32", 364.96, -1974.8, "T", "DIP", "PC4", "", "C", 62.99, 62.99, 41.34, 270],
		[147, "H2_32", 364.96, -1974.8, "B", "DIP", "PC4", "", "C", 62.99, 62.99, 41.34, 270],
		[148, "H2_33", 264.96, -2074.8, "T", "DIP", "PB1", "", "C", 62.99, 62.99, 41.34, 270],
		[149, "H2_33", 264.96, -2074.8, "B", "DIP", "PB1", "", "C", 62.99, 62.99, 41.34, 270],
		[150, "H2_34", 364.96, -2074.8, "T", "DIP", "PB0", "", "C", 62.99, 62.99, 41.34, 270],
		[151, "H2_34", 364.96, -2074.8, "B", "DIP", "PB0", "", "C", 62.99, 62.99, 41.34, 270],
		[152, "H2_35", 264.96, -2174.8, "T", "DIP", "PE7", "", "C", 62.99, 62.99, 41.34, 270],
		[153, "H2_35", 264.96, -2174.8, "B", "DIP", "PE7", "", "C", 62.99, 62.99, 41.34, 270],
		[154, "H2_36", 364.96, -2174.8, "T", "DIP", "BOOT1", "", "C", 62.99, 62.99, 41.34, 270],
		[155, "H2_36", 364.96, -2174.8, "B", "DIP", "BOOT1", "", "C", 62.99, 62.99, 41.34, 270],
		[156, "H2_37", 264.96, -2274.8, "T", "DIP", "PE9", "", "C", 62.99, 62.99, 41.34, 270],
		[157, "H2_37", 264.96, -2274.8, "B", "DIP", "PE9", "", "C", 62.99, 62.99, 41.34, 270],
		[158, "H2_38", 364.96, -2274.8, "T", "DIP", "PE8", "", "C", 62.99, 62.99, 41.34, 270],
		[159, "H2_38", 364.96, -2274.8, "B", "DIP", "PE8", "", "C", 62.99, 62.99, 41.34, 270],
		[160, "H2_39", 264.96, -2374.8, "T", "DIP", "PE11", "", "C", 62.99, 62.99, 41.34, 270],
		[161, "H2_39", 264.96, -2374.8, "B", "DIP", "PE11", "", "C", 62.99, 62.99, 41.34, 270],
		[162, "H2_40", 364.96, -2374.8, "T", "DIP", "PE10", "", "C", 62.99, 62.99, 41.34, 270],
		[163, "H2_40", 364.96, -2374.8, "B", "DIP", "PE10", "", "C", 62.99, 62.99, 41.34, 270],
		[164, "H2_41", 264.96, -2474.8, "T", "DIP", "PE13", "", "C", 62.99, 62.99, 41.34, 270],
		[165, "H2_41", 264.96, -2474.8, "B", "DIP", "PE13", "", "C", 62.99, 62.99, 41.34, 270],
		[166, "H2_42", 364.96, -2474.8, "T", "DIP", "PE12", "", "C", 62.99, 62.99, 41.34, 270],
		[167, "H2_42", 364.96, -2474.8, "B", "DIP", "PE12", "", "C", 62.99, 62.99, 41.34, 270],
		[168, "H2_43", 264.96, -2574.8, "T", "DIP", "PE15", "", "C", 62.99, 62.99, 41.34, 270],
		[169, "H2_43", 264.96, -2574.8, "B", "DIP", "PE15", "", "C", 62.99, 62.99, 41.34, 270],
		[170, "H2_44", 364.96, -2574.8, "T", "DIP", "PE14", "", "C", 62.99, 62.99, 41.34, 270],
		[171, "H2_44", 364.96, -2574.8, "B", "DIP", "PE14", "", "C", 62.99, 62.99, 41.34, 270],
		[172, "H2_45", 264.96, -2674.8, "T", "DIP", "PB11", "", "C", 62.99, 62.99, 41.34, 270],
		[173, "H2_45", 264.96, -2674.8, "B", "DIP", "PB11", "", "C", 62.99, 62.99, 41.34, 270],
		[174, "H2_46", 364.96, -2674.8, "T", "DIP", "PB10", "", "C", 62.99, 62.99, 41.34, 270],
		[175, "H2_46", 364.96, -2674.8, "B", "DIP", "PB10", "", "C", 62.99, 62.99, 41.34, 270],
		[176, "H3_1", 2784.65, -474.8, "T", "DIP", "GND", "GND", "R", 62.99, 62.99, 41.34, 270],
		[177, "H3_1", 2784.65, -474.8, "B", "DIP", "GND", "GND", "R", 62.99, 62.99, 41.34, 270],
		[178, "H3_2", 2884.65, -474.8, "T", "DIP", "GND", "GND", "C", 62.99, 62.99, 41.34, 270],
		[179, "H3_2", 2884.65, -474.8, "B", "DIP", "GND", "GND", "C", 62.99, 62.99, 41.34, 270],
		[180, "H3_3", 2784.65, -574.8, "T", "DIP", "PE1", "", "C", 62.99, 62.99, 41.34, 270],
		[181, "H3_3", 2784.65, -574.8, "B", "DIP", "PE1", "", "C", 62.99, 62.99, 41.34, 270],
		[182, "H3_4", 2884.65, -574.8, "T", "DIP", "PE0", "", "C", 62.99, 62.99, 41.34, 270],
		[183, "H3_4", 2884.65, -574.8, "B", "DIP", "PE0", "", "C", 62.99, 62.99, 41.34, 270],
		[184, "H3_5", 2784.65, -674.8, "T", "DIP", "PB9", "", "C", 62.99, 62.99, 41.34, 270],
		[185, "H3_5", 2784.65, -674.8, "B", "DIP", "PB9", "", "C", 62.99, 62.99, 41.34, 270],
		[186, "H3_6", 2884.65, -674.8, "T", "DIP", "PB8", "", "C", 62.99, 62.99, 41.34, 270],
		[187, "H3_6", 2884.65, -674.8, "B", "DIP", "PB8", "", "C", 62.99, 62.99, 41.34, 270],
		[188, "H3_7", 2784.65, -774.8, "T", "DIP", "PB7", "", "C", 62.99, 62.99, 41.34, 270],
		[189, "H3_7", 2784.65, -774.8, "B", "DIP", "PB7", "", "C", 62.99, 62.99, 41.34, 270],
		[190, "H3_8", 2884.65, -774.8, "T", "DIP", "PB6", "", "C", 62.99, 62.99, 41.34, 270],
		[191, "H3_8", 2884.65, -774.8, "B", "DIP", "PB6", "", "C", 62.99, 62.99, 41.34, 270],
		[192, "H3_9", 2784.65, -874.8, "T", "DIP", "PB5", "", "C", 62.99, 62.99, 41.34, 270],
		[193, "H3_9", 2784.65, -874.8, "B", "DIP", "PB5", "", "C", 62.99, 62.99, 41.34, 270],
		[194, "H3_10", 2884.65, -874.8, "T", "DIP", "PB4", "", "C", 62.99, 62.99, 41.34, 270],
		[195, "H3_10", 2884.65, -874.8, "B", "DIP", "PB4", "", "C", 62.99, 62.99, 41.34, 270],
		[196, "H3_11", 2784.65, -974.8, "T", "DIP", "PB3", "", "C", 62.99, 62.99, 41.34, 270],
		[197, "H3_11", 2784.65, -974.8, "B", "DIP", "PB3", "", "C", 62.99, 62.99, 41.34, 270],
		[198, "H3_12", 2884.65, -974.8, "T", "DIP", "PD7", "", "C", 62.99, 62.99, 41.34, 270],
		[199, "H3_12", 2884.65, -974.8, "B", "DIP", "PD7", "", "C", 62.99, 62.99, 41.34, 270],
		[200, "H3_13", 2784.65, -1074.8, "T", "DIP", "PD6", "", "C", 62.99, 62.99, 41.34, 270],
		[201, "H3_13", 2784.65, -1074.8, "B", "DIP", "PD6", "", "C", 62.99, 62.99, 41.34, 270],
		[202, "H3_14", 2884.65, -1074.8, "T", "DIP", "PD5", "", "C", 62.99, 62.99, 41.34, 270],
		[203, "H3_14", 2884.65, -1074.8, "B", "DIP", "PD5", "", "C", 62.99, 62.99, 41.34, 270],
		[204, "H3_15", 2784.65, -1174.8, "T", "DIP", "PD4", "", "C", 62.99, 62.99, 41.34, 270],
		[205, "H3_15", 2784.65, -1174.8, "B", "DIP", "PD4", "", "C", 62.99, 62.99, 41.34, 270],
		[206, "H3_16", 2884.65, -1174.8, "T", "DIP", "PD3", "", "C", 62.99, 62.99, 41.34, 270],
		[207, "H3_16", 2884.65, -1174.8, "B", "DIP", "PD3", "", "C", 62.99, 62.99, 41.34, 270],
		[208, "H3_17", 2784.65, -1274.8, "T", "DIP", "PD2", "", "C", 62.99, 62.99, 41.34, 270],
		[209, "H3_17", 2784.65, -1274.8, "B", "DIP", "PD2", "", "C", 62.99, 62.99, 41.34, 270],
		[210, "H3_18", 2884.65, -1274.8, "T", "DIP", "PD1", "", "C", 62.99, 62.99, 41.34, 270],
		[211, "H3_18", 2884.65, -1274.8, "B", "DIP", "PD1", "", "C", 62.99, 62.99, 41.34, 270],
		[212, "H3_19", 2784.65, -1374.8, "T", "DIP", "PD0", "", "C", 62.99, 62.99, 41.34, 270],
		[213, "H3_19", 2784.65, -1374.8, "B", "DIP", "PD0", "", "C", 62.99, 62.99, 41.34, 270],
		[214, "H3_20", 2884.65, -1374.8, "T", "DIP", "PC12", "", "C", 62.99, 62.99, 41.34, 270],
		[215, "H3_20", 2884.65, -1374.8, "B", "DIP", "PC12", "", "C", 62.99, 62.99, 41.34, 270],
		[216, "H3_21", 2784.65, -1474.8, "T", "DIP", "PC11", "", "C", 62.99, 62.99, 41.34, 270],
		[217, "H3_21", 2784.65, -1474.8, "B", "DIP", "PC11", "", "C", 62.99, 62.99, 41.34, 270],
		[218, "H3_22", 2884.65, -1474.8, "T", "DIP", "PC10", "", "C", 62.99, 62.99, 41.34, 270],
		[219, "H3_22", 2884.65, -1474.8, "B", "DIP", "PC10", "", "C", 62.99, 62.99, 41.34, 270],
		[220, "H3_23", 2784.65, -1574.8, "T", "DIP", "PA15", "", "C", 62.99, 62.99, 41.34, 270],
		[221, "H3_23", 2784.65, -1574.8, "B", "DIP", "PA15", "", "C", 62.99, 62.99, 41.34, 270],
		[222, "H3_24", 2884.65, -1574.8, "T", "DIP", "PA14", "", "C", 62.99, 62.99, 41.34, 270],
		[223, "H3_24", 2884.65, -1574.8, "B", "DIP", "PA14", "", "C", 62.99, 62.99, 41.34, 270],
		[224, "H3_25", 2784.65, -1674.8, "T", "DIP", "PA13", "", "C", 62.99, 62.99, 41.34, 270],
		[225, "H3_25", 2784.65, -1674.8, "B", "DIP", "PA13", "", "C", 62.99, 62.99, 41.34, 270],
		[226, "H3_26", 2884.65, -1674.8, "T", "DIP", "PA12", "", "C", 62.99, 62.99, 41.34, 270],
		[227, "H3_26", 2884.65, -1674.8, "B", "DIP", "PA12", "", "C", 62.99, 62.99, 41.34, 270],
		[228, "H3_27", 2784.65, -1774.8, "T", "DIP", "PA11", "", "C", 62.99, 62.99, 41.34, 270],
		[229, "H3_27", 2784.65, -1774.8, "B", "DIP", "PA11", "", "C", 62.99, 62.99, 41.34, 270],
		[230, "H3_28", 2884.65, -1774.8, "T", "DIP", "PA10", "", "C", 62.99, 62.99, 41.34, 270],
		[231, "H3_28", 2884.65, -1774.8, "B", "DIP", "PA10", "", "C", 62.99, 62.99, 41.34, 270],
		[232, "H3_29", 2784.65, -1874.8, "T", "DIP", "PA9", "", "C", 62.99, 62.99, 41.34, 270],
		[233, "H3_29", 2784.65, -1874.8, "B", "DIP", "PA9", "", "C", 62.99, 62.99, 41.34, 270],
		[234, "H3_30", 2884.65, -1874.8, "T", "DIP", "PA8", "", "C", 62.99, 62.99, 41.34, 270],
		[235, "H3_30", 2884.65, -1874.8, "B", "DIP", "PA8", "", "C", 62.99, 62.99, 41.34, 270],
		[236, "H3_31", 2784.65, -1974.8, "T", "DIP", "PC9", "", "C", 62.99, 62.99, 41.34, 270],
		[237, "H3_31", 2784.65, -1974.8, "B", "DIP", "PC9", "", "C", 62.99, 62.99, 41.34, 270],
		[238, "H3_32", 2884.65, -1974.8, "T", "DIP", "PC8", "", "C", 62.99, 62.99, 41.34, 270],
		[239, "H3_32", 2884.65, -1974.8, "B", "DIP", "PC8", "", "C", 62.99, 62.99, 41.34, 270],
		[240, "H3_33", 2784.65, -2074.8, "T", "DIP", "PC7", "", "C", 62.99, 62.99, 41.34, 270],
		[241, "H3_33", 2784.65, -2074.8, "B", "DIP", "PC7", "", "C", 62.99, 62.99, 41.34, 270],
		[242, "H3_34", 2884.65, -2074.8, "T", "DIP", "PC6", "", "C", 62.99, 62.99, 41.34, 270],
		[243, "H3_34", 2884.65, -2074.8, "B", "DIP", "PC6", "", "C", 62.99, 62.99, 41.34, 270],
		[244, "H3_35", 2784.65, -2174.8, "T", "DIP", "PD15", "", "C", 62.99, 62.99, 41.34, 270],
		[245, "H3_35", 2784.65, -2174.8, "B", "DIP", "PD15", "", "C", 62.99, 62.99, 41.34, 270],
		[246, "H3_36", 2884.65, -2174.8, "T", "DIP", "PD14", "", "C", 62.99, 62.99, 41.34, 270],
		[247, "H3_36", 2884.65, -2174.8, "B", "DIP", "PD14", "", "C", 62.99, 62.99, 41.34, 270],
		[248, "H3_37", 2784.65, -2274.8, "T", "DIP", "PD13", "", "C", 62.99, 62.99, 41.34, 270],
		[249, "H3_37", 2784.65, -2274.8, "B", "DIP", "PD13", "", "C", 62.99, 62.99, 41.34, 270],
		[250, "H3_38", 2884.65, -2274.8, "T", "DIP", "PD12", "", "C", 62.99, 62.99, 41.34, 270],
		[251, "H3_38", 2884.65, -2274.8, "B", "DIP", "PD12", "", "C", 62.99, 62.99, 41.34, 270],
		[252, "H3_39", 2784.65, -2374.8, "T", "DIP", "PD11", "", "C", 62.99, 62.99, 41.34, 270],
		[253, "H3_39", 2784.65, -2374.8, "B", "DIP", "PD11", "", "C", 62.99, 62.99, 41.34, 270],
		[254, "H3_40", 2884.65, -2374.8, "T", "DIP", "PD10", "", "C", 62.99, 62.99, 41.34, 270],
		[255, "H3_40", 2884.65, -2374.8, "B", "DIP", "PD10", "", "C", 62.99, 62.99, 41.34, 270],
		[256, "H3_41", 2784.65, -2474.8, "T", "DIP", "PD9", "", "C", 62.99, 62.99, 41.34, 270],
		[257, "H3_41", 2784.65, -2474.8, "B", "DIP", "PD9", "", "C", 62.99, 62.99, 41.34, 270],
		[258, "H3_42", 2884.65, -2474.8, "T", "DIP", "PD8", "", "C", 62.99, 62.99, 41.34, 270],
		[259, "H3_42", 2884.65, -2474.8, "B", "DIP", "PD8", "", "C", 62.99, 62.99, 41.34, 270],
		[260, "H3_43", 2784.65, -2574.8, "T", "DIP", "PB15", "", "C", 62.99, 62.99, 41.34, 270],
		[261, "H3_43", 2784.65, -2574.8, "B", "DIP", "PB15", "", "C", 62.99, 62.99, 41.34, 270],
		[262, "H3_44", 2884.65, -2574.8, "T", "DIP", "PB14", "", "C", 62.99, 62.99, 41.34, 270],
		[263, "H3_44", 2884.65, -2574.8, "B", "DIP", "PB14", "", "C", 62.99, 62.99, 41.34, 270],
		[264, "H3_45", 2784.65, -2674.8, "T", "DIP", "PB13", "", "C", 62.99, 62.99, 41.34, 270],
		[265, "H3_45", 2784.65, -2674.8, "B", "DIP", "PB13", "", "C", 62.99, 62.99, 41.34, 270],
		[266, "H3_46", 2884.65, -2674.8, "T", "DIP", "PB12", "", "C", 62.99, 62.99, 41.34, 270],
		[267, "H3_46", 2884.65, -2674.8, "B", "DIP", "PB12", "", "C", 62.99, 62.99, 41.34, 270],
		[268, "H4_1", 265, -3080, "T", "DIP", "VCC+5V", "", "R", 66.93, 66.93, 43.31, 90],
		[269, "H4_1", 265, -3080, "B", "DIP", "VCC+5V", "", "R", 66.93, 66.93, 43.31, 90],
		[270, "H4_2", 265, -2980, "T", "DIP", "PA13", "", "C", 66.93, 66.93, 43.31, 90],
		[271, "H4_2", 265, -2980, "B", "DIP", "PA13", "", "C", 66.93, 66.93, 43.31, 90],
		[272, "H4_3", 265, -2880, "T", "DIP", "PA14", "", "C", 66.93, 66.93, 43.31, 90],
		[273, "H4_3", 265, -2880, "B", "DIP", "PA14", "", "C", 66.93, 66.93, 43.31, 90],
		[274, "H4_4", 265, -2780, "T", "DIP", "GND", "GND", "C", 66.93, 66.93, 43.31, 90],
		[275, "H4_4", 265, -2780, "B", "DIP", "GND", "GND", "C", 66.93, 66.93, 43.31, 90],
		[276, "L1_1", 2190.18, -1059.94, "T", "SMD", "$2N1523", "", "R", 95.43, 134.65, 0, 90],
		[277, "L1_2", 2190.18, -1318.06, "T", "SMD", "USB+5V", "", "R", 95.43, 134.65, 0, 90],
		[278, "LED1_1", 3041.5, -350.4, "T", "SMD", "$2N2883", "", "R", 31.5, 31.5, 0, 90],
		[279, "LED1_2", 3104.5, -350.2, "T", "SMD", "VCC+3.3V", "", "R", 31.5, 31.5, 0, 90],
		[280, "LED2_1", 3041.5, -280.4, "T", "SMD", "$2N2994", "", "R", 31.5, 31.5, 0, 90],
		[281, "LED2_2", 3104.5, -280.2, "T", "SMD", "USB+5V", "", "R", 31.5, 31.5, 0, 90],
		[282, "LED3_1", 1842.5, -2808.4, "T", "SMD", "PB6", "", "R", 31.5, 31.5, 0, 90],
		[283, "LED3_2", 1905.5, -2808.2, "T", "SMD", "$3N1289", "", "R", 31.5, 31.5, 0, 90],
		[284, "LED4_1", 1842.5, -2885.9, "T", "SMD", "PB7", "", "R", 31.5, 31.5, 0, 90],
		[285, "LED4_2", 1905.5, -2885.7, "T", "SMD", "$3N1284", "", "R", 31.5, 31.5, 0, 90],
		[286, "LED5_1", 1842.5, -2963.4, "T", "SMD", "PD8", "", "R", 31.5, 31.5, 0, 90],
		[287, "LED5_2", 1905.5, -2963.2, "T", "SMD", "$3N1280", "", "R", 31.5, 31.5, 0, 90],
		[288, "P1_1", 2293.3, -3580.71, "T", "SMD", "VCC+5V", "", "R", 51.18, 177.16, 0, 0],
		[289, "P1_2", 2391.73, -3580.71, "T", "SMD", "PB10", "", "R", 51.18, 177.16, 0, 0],
		[290, "P1_3", 2490.15, -3580.71, "T", "SMD", "PB11", "", "R", 51.18, 177.16, 0, 0],
		[291, "P1_4", 2588.58, -3580.71, "T", "SMD", "GND", "GND", "R", 51.18, 177.16, 0, 0],
		[292, "P1_5", 2167.32, -3848.42, "T", "SMD", "GND", "GND", "R", 70.87, 153.54, 0, 0],
		[293, "P1_6", 2714.56, -3848.42, "T", "SMD", "GND", "GND", "R", 70.87, 153.54, 0, 0],
		[294, "P2_1", 561.02, -3580.71, "T", "SMD", "VCC+5V", "", "R", 51.18, 177.16, 0, 0],
		[295, "P2_2", 659.45, -3580.71, "T", "SMD", "PA2", "", "R", 51.18, 177.16, 0, 0],
		[296, "P2_3", 757.87, -3580.71, "T", "SMD", "PA3", "", "R", 51.18, 177.16, 0, 0],
		[297, "P2_4", 856.3, -3580.71, "T", "SMD", "GND", "GND", "R", 51.18, 177.16, 0, 0],
		[298, "P2_5", 435.04, -3848.42, "T", "SMD", "GND", "GND", "R", 70.87, 153.54, 0, 0],
		[299, "P2_6", 982.28, -3848.42, "T", "SMD", "GND", "GND", "R", 70.87, 153.54, 0, 0],
		[300, "P3_1", 1427.16, -3580.71, "T", "SMD", "VCC+5V", "", "R", 51.18, 177.16, 0, 0],
		[301, "P3_2", 1525.59, -3580.71, "T", "SMD", "PC10", "", "R", 51.18, 177.16, 0, 0],
		[302, "P3_3", 1624.01, -3580.71, "T", "SMD", "PC11", "", "R", 51.18, 177.16, 0, 0],
		[303, "P3_4", 1722.44, -3580.71, "T", "SMD", "GND", "GND", "R", 51.18, 177.16, 0, 0],
		[304, "P3_5", 1301.18, -3848.42, "T", "SMD", "GND", "GND", "R", 70.87, 153.54, 0, 0],
		[305, "P3_6", 1848.42, -3848.42, "T", "SMD", "GND", "GND", "R", 70.87, 153.54, 0, 0],
		[306, "Q1_1", 1119.37, -747.4, "T", "SMD", "$3N4018", "", "R", 49.21, 27.56, 0, 0],
		[307, "Q1_2", 1119.37, -672.6, "T", "SMD", "RTS", "", "R", 49.21, 27.56, 0, 0],
		[308, "Q1_3", 1040.63, -710, "T", "SMD", "$3N3983", "", "R", 49.21, 27.56, 0, 0],
		[309, "Q2_1", 1294.37, -747.4, "T", "SMD", "$3N4022", "", "R", 49.21, 27.56, 0, 0],
		[310, "Q2_2", 1294.37, -672.6, "T", "SMD", "VCC+3.3V", "", "R", 49.21, 27.56, 0, 0],
		[311, "Q2_3", 1215.63, -710, "T", "SMD", "$3N4028", "", "R", 49.21, 27.56, 0, 0],
		[312, "R1_1", 805.34, -190, "T", "SMD", "CC21", "", "R", 31.75, 34.02, 0, 0],
		[313, "R1_2", 864.66, -190, "T", "SMD", "GND", "GND", "R", 31.75, 34.02, 0, 0],
		[314, "R2_1", 805.34, -125, "T", "SMD", "CC22", "", "R", 31.75, 34.02, 0, 0],
		[315, "R2_2", 864.66, -125, "T", "SMD", "GND", "GND", "R", 31.75, 34.02, 0, 0],
		[316, "R3_1", 2444, -720.34, "T", "SMD", "FB", "", "R", 31.75, 34.02, 0, 270],
		[317, "R3_2", 2444, -779.66, "T", "SMD", "USB+5V", "", "R", 31.75, 34.02, 0, 270],
		[318, "R4_1", 2379.05, -720.34, "T", "SMD", "FB", "", "R", 31.75, 34.02, 0, 270],
		[319, "R4_2", 2379.05, -779.66, "T", "SMD", "GND", "GND", "R", 31.75, 34.02, 0, 270],
		[320, "R5_1", 2910.34, -350.1, "T", "SMD", "GND", "GND", "R", 31.75, 34.02, 0, 0],
		[321, "R5_2", 2969.66, -350.1, "T", "SMD", "$2N2883", "", "R", 31.75, 34.02, 0, 0],
		[322, "R6_1", 2910.34, -280.1, "T", "SMD", "GND", "GND", "R", 31.75, 34.02, 0, 0],
		[323, "R6_2", 2969.66, -280.1, "T", "SMD", "$2N2994", "", "R", 31.75, 34.02, 0, 0],
		[324, "R7_1", 902, -1296.34, "T", "SMD", "VCC+3.3V", "", "R", 31.75, 34.02, 0, 270],
		[325, "R7_2", 902, -1355.66, "T", "SMD", "VCCA+3.3V", "", "R", 31.75, 34.02, 0, 270],
		[326, "R8_1", 1170, -1296.34, "T", "SMD", "GND", "GND", "R", 31.75, 34.02, 0, 270],
		[327, "R8_2", 1170, -1355.66, "T", "SMD", "AGND", "", "R", 31.75, 34.02, 0, 270],
		[328, "R9_1", 902, -1464.34, "T", "SMD", "VCCA+3.3V", "", "R", 31.75, 34.02, 0, 270],
		[329, "R9_2", 902, -1523.66, "T", "SMD", "$1N1974", "", "R", 31.75, 34.02, 0, 270],
		[330, "R10_1", 800.34, -2725, "T", "SMD", "RST", "", "R", 31.75, 34.02, 0, 0],
		[331, "R10_2", 859.66, -2725, "T", "SMD", "VCC+3.3V", "", "R", 31.75, 34.02, 0, 0],
		[332, "R11_1", 1027.82, -3106.05, "T", "SMD", "BOOT0", "", "R", 31.75, 34.02, 0, 0],
		[333, "R11_2", 1087.14, -3106.05, "T", "SMD", "$1N3287", "", "R", 31.75, 34.02, 0, 0],
		[334, "R12_1", 1626.17, -3106.05, "T", "SMD", "$1N3292", "", "R", 31.75, 34.02, 0, 0],
		[335, "R12_2", 1685.49, -3106.05, "T", "SMD", "BOOT1", "", "R", 31.75, 34.02, 0, 0],
		[336, "R13_1", 1425.34, -190, "T", "SMD", "CC11", "", "R", 31.75, 34.02, 0, 0],
		[337, "R13_2", 1484.66, -190, "T", "SMD", "GND", "GND", "R", 31.75, 34.02, 0, 0],
		[338, "R14_1", 1425.34, -125, "T", "SMD", "CC12", "", "R", 31.75, 34.02, 0, 0],
		[339, "R14_2", 1484.66, -125, "T", "SMD", "GND", "GND", "R", 31.75, 34.02, 0, 0],
		[340, "R15_1", 1117.66, -414, "T", "SMD", "PA12", "", "R", 31.75, 34.02, 0, 180],
		[341, "R15_2", 1058.34, -414, "T", "SMD", "VCC+3.3V", "", "R", 31.75, 34.02, 0, 180],
		[342, "R16_1", 2050.66, -2808, "T", "SMD", "VCC+3.3V", "", "R", 31.75, 34.02, 0, 180],
		[343, "R16_2", 1991.34, -2808, "T", "SMD", "$3N1289", "", "R", 31.75, 34.02, 0, 180],
		[344, "R17_1", 2050.66, -2885.5, "T", "SMD", "VCC+3.3V", "", "R", 31.75, 34.02, 0, 180],
		[345, "R17_2", 1991.34, -2885.5, "T", "SMD", "$3N1284", "", "R", 31.75, 34.02, 0, 180],
		[346, "R18_1", 2050.66, -2963, "T", "SMD", "VCC+3.3V", "", "R", 31.75, 34.02, 0, 180],
		[347, "R18_2", 1991.34, -2963, "T", "SMD", "$3N1280", "", "R", 31.75, 34.02, 0, 180],
		[348, "R19_1", 2195.34, -3410, "B", "SMD", "PB15", "", "R", 31.75, 34.02, 0, 0],
		[349, "R19_2", 2254.66, -3410, "B", "SMD", "VCC+3.3V", "", "R", 31.75, 34.02, 0, 0],
		[350, "R20_1", 2093.98, -3410, "B", "SMD", "PB14", "", "R", 31.75, 34.02, 0, 180],
		[351, "R20_2", 2034.66, -3410, "B", "SMD", "VCC+3.3V", "", "R", 31.75, 34.02, 0, 180],
		[352, "R21_1", 2860, -3589.66, "T", "SMD", "PB10", "", "R", 31.75, 34.02, 0, 90],
		[353, "R21_2", 2860, -3530.34, "T", "SMD", "VCC+3.3V", "", "R", 31.75, 34.02, 0, 90],
		[354, "R22_1", 2790, -3589.19, "T", "SMD", "PB11", "", "R", 31.75, 34.02, 0, 90],
		[355, "R22_2", 2790, -3529.87, "T", "SMD", "VCC+3.3V", "", "R", 31.75, 34.02, 0, 90],
		[356, "R23_1", 1130, -3529.87, "T", "SMD", "PA2", "", "R", 31.75, 34.02, 0, 270],
		[357, "R23_2", 1130, -3589.19, "T", "SMD", "VCC+3.3V", "", "R", 31.75, 34.02, 0, 270],
		[358, "R24_1", 1058, -3529.87, "T", "SMD", "PA3", "", "R", 31.75, 34.02, 0, 270],
		[359, "R24_2", 1058, -3589.19, "T", "SMD", "VCC+3.3V", "", "R", 31.75, 34.02, 0, 270],
		[360, "R25_1", 1990, -3529.87, "T", "SMD", "PC10", "", "R", 31.75, 34.02, 0, 270],
		[361, "R25_2", 1990, -3589.19, "T", "SMD", "VCC+3.3V", "", "R", 31.75, 34.02, 0, 270],
		[362, "R26_1", 1920, -3529.87, "T", "SMD", "PC11", "", "R", 31.75, 34.02, 0, 270],
		[363, "R26_2", 1920, -3589.19, "T", "SMD", "VCC+3.3V", "", "R", 31.75, 34.02, 0, 270],
		[364, "R27_1", 1055.34, -595, "T", "SMD", "$3N3983", "", "R", 31.75, 34.02, 0, 0],
		[365, "R27_2", 1114.66, -595, "T", "SMD", "VCC+3.3V", "", "R", 31.75, 34.02, 0, 0],
		[366, "R28_1", 1055.34, -815, "T", "SMD", "DTR", "", "R", 31.75, 34.02, 0, 0],
		[367, "R28_2", 1114.66, -815, "T", "SMD", "$3N4018", "", "R", 31.75, 34.02, 0, 0],
		[368, "R29_1", 1225.34, -815, "T", "SMD", "BOOT0", "", "R", 31.75, 34.02, 0, 0],
		[369, "R29_2", 1284.66, -815, "T", "SMD", "$3N4028", "", "R", 31.75, 34.02, 0, 0],
		[370, "R30_1", 1370, -680.34, "T", "SMD", "RTS", "", "R", 31.75, 34.02, 0, 270],
		[371, "R30_2", 1370, -739.66, "T", "SMD", "$3N4022", "", "R", 31.75, 34.02, 0, 270],
		[372, "SCREW1_1", 125.98, -125.98, "T", "DIP", "GND", "GND", "C", 126, 126, 126, 0],
		[373, "SCREW1_1", 125.98, -125.98, "B", "DIP", "GND", "GND", "C", 126, 126, 126, 0],
		[374, "SCREW2_1", 3023.62, -125.98, "T", "DIP", "GND", "GND", "C", 126, 126, 126, 0],
		[375, "SCREW2_1", 3023.62, -125.98, "B", "DIP", "GND", "GND", "C", 126, 126, 126, 0],
		[376, "SCREW3_1", 125.98, -3807.09, "T", "DIP", "GND", "GND", "C", 126, 126, 126, 0],
		[377, "SCREW3_1", 125.98, -3807.09, "B", "DIP", "GND", "GND", "C", 126, 126, 126, 0],
		[378, "SCREW4_1", 3023.62, -3811.02, "T", "DIP", "GND", "GND", "C", 126, 126, 126, 0],
		[379, "SCREW4_1", 3023.62, -3811.02, "B", "DIP", "GND", "GND", "C", 126, 126, 126, 0],
		[380, "SW1_1", 579.18, -2833.3, "T", "SMD", "RST", "", "R", 90.55, 59.05, 0, 0],
		[381, "SW1_2", 937.44, -2833.31, "T", "SMD", "RST", "", "R", 90.55, 59.05, 0, 0],
		[382, "SW1_3", 579.18, -3010.47, "T", "SMD", "GND", "GND", "R", 90.55, 59.05, 0, 0],
		[383, "SW1_4", 937.44, -3010.47, "T", "SMD", "GND", "GND", "R", 90.55, 59.05, 0, 0],
		[384, "SW2_1", 579.18, -3196.41, "T", "SMD", "PE13", "", "R", 90.55, 59.05, 0, 0],
		[385, "SW2_2", 937.44, -3196.42, "T", "SMD", "PE13", "", "R", 90.55, 59.05, 0, 0],
		[386, "SW2_3", 579.18, -3373.59, "T", "SMD", "GND", "GND", "R", 90.55, 59.05, 0, 0],
		[387, "SW2_4", 937.44, -3373.59, "T", "SMD", "GND", "GND", "R", 90.55, 59.05, 0, 0],
		[388, "SW3_1", 1177.52, -3196.41, "T", "SMD", "PE14", "", "R", 90.55, 59.05, 0, 0],
		[389, "SW3_2", 1535.78, -3196.42, "T", "SMD", "PE14", "", "R", 90.55, 59.05, 0, 0],
		[390, "SW3_3", 1177.52, -3373.59, "T", "SMD", "GND", "GND", "R", 90.55, 59.05, 0, 0],
		[391, "SW3_4", 1535.78, -3373.59, "T", "SMD", "GND", "GND", "R", 90.55, 59.05, 0, 0],
		[392, "SW4_1", 1775.87, -3196.41, "T", "SMD", "PE15", "", "R", 90.55, 59.05, 0, 0],
		[393, "SW4_2", 2134.13, -3196.42, "T", "SMD", "PE15", "", "R", 90.55, 59.05, 0, 0],
		[394, "SW4_3", 1775.87, -3373.59, "T", "SMD", "GND", "GND", "R", 90.55, 59.05, 0, 0],
		[395, "SW4_4", 2134.13, -3373.59, "T", "SMD", "GND", "GND", "R", 90.55, 59.05, 0, 0],
		[396, "U1_1", 1789.51, -608, "T", "SMD", "$2N1087", "", "R", 82.68, 70.87, 0, 0],
		[397, "U1_2", 1978.49, -608, "T", "SMD", "$2N821", "", "R", 82.68, 70.87, 0, 0],
		[398, "U2_1", 2297.11, -819, "T", "SMD", "$2N1532", "", "O", 23.7, 76.42, 0, 90],
		[399, "U2_2", 2297.11, -769, "T", "SMD", "U2_2", "", "O", 23.7, 76.42, 0, 90],
		[400, "U2_3", 2297.11, -719, "T", "SMD", "U2_3", "", "O", 23.7, 76.42, 0, 90],
		[401, "U2_4", 2297.11, -669, "T", "SMD", "FB", "", "O", 23.7, 76.42, 0, 90],
		[402, "U2_5", 2082.89, -669, "T", "SMD", "U2_5", "", "O", 23.7, 76.42, 0, 90],
		[403, "U2_6", 2082.89, -719, "T", "SMD", "GND", "GND", "O", 23.7, 76.42, 0, 90],
		[404, "U2_7", 2082.89, -769, "T", "SMD", "$2N1087", "", "O", 23.7, 76.42, 0, 90],
		[405, "U2_8", 2082.89, -819, "T", "SMD", "$2N1523", "", "O", 23.7, 76.42, 0, 90],
		[406, "U2_9", 2190, -744, "T", "SMD", "GND", "GND", "R", 121.97, 94.88, 0, 90],
		[407, "U3_1", 2095.51, -934, "T", "SMD", "$2N1523", "", "R", 82.68, 70.87, 0, 0],
		[408, "U3_2", 2284.49, -934, "T", "SMD", "GND", "GND", "R", 82.68, 70.87, 0, 0],
		[409, "U4_1", 1716.58, -61.89, "T", "SMD", "GND", "GND", "R", 39.37, 78.74, 0, 0],
		[410, "U4_2", 1815, -61.89, "T", "SMD", "GND", "GND", "R", 39.37, 78.74, 0, 0],
		[411, "U4_3", 1913.42, -61.89, "T", "SMD", "GND", "GND", "R", 39.37, 78.74, 0, 0],
		[412, "U4_4", 1716.58, -298.11, "T", "SMD", "$2N6141", "", "R", 39.37, 78.74, 0, 0],
		[413, "U4_5", 1815, -298.11, "T", "SMD", "$2N6141", "", "R", 39.37, 78.74, 0, 0],
		[414, "U4_6", 1913.42, -298.11, "T", "SMD", "USB+5V", "", "R", 39.37, 78.74, 0, 0],
		[415, "U5_1", 1450, -395.11, "T", "SMD", "$2N6141", "", "R", 46.85, 68.03, 0, 270],
		[416, "U5_2", 1450, -508.89, "T", "SMD", "VCC+5V", "", "R", 46.85, 68.03, 0, 270],
		[417, "U6_1", 989.45, -1196.93, "T", "SMD", "GND", "GND", "R", 98.42, 43.31, 0, 270],
		[418, "U6_2", 1080, -1196.93, "T", "SMD", "VCC+3.3V", "", "R", 98.42, 43.31, 0, 270],
		[419, "U6_3", 1170.55, -1196.93, "T", "SMD", "VCC+5V", "", "R", 98.42, 43.31, 0, 270],
		[420, "U6_4", 1080, -963.07, "T", "SMD", "VCC+3.3V", "", "R", 92.13, 141.73, 0, 270],
		[421, "U7_1", 1810.22, -1752.76, "T", "SMD", "PE2", "", "O", 11.81, 62.99, 0, 180],
		[422, "U7_2", 1790.54, -1752.76, "T", "SMD", "PE3", "", "O", 11.81, 62.99, 0, 180],
		[423, "U7_3", 1770.85, -1752.76, "T", "SMD", "PE4", "", "O", 11.81, 62.99, 0, 180],
		[424, "U7_4", 1751.17, -1752.76, "T", "SMD", "PE5", "", "O", 11.81, 62.99, 0, 180],
		[425, "U7_5", 1731.48, -1752.76, "T", "SMD", "PE6", "", "O", 11.81, 62.99, 0, 180],
		[426, "U7_6", 1711.8, -1752.76, "T", "SMD", "$1N1482", "", "O", 11.81, 62.99, 0, 180],
		[427, "U7_7", 1692.11, -1752.76, "T", "SMD", "PC13", "", "O", 11.81, 62.99, 0, 180],
		[428, "U7_8", 1672.43, -1752.76, "T", "SMD", "OSCL1", "", "O", 11.81, 62.99, 0, 180],
		[429, "U7_9", 1652.74, -1752.76, "T", "SMD", "OSCL2", "", "O", 11.81, 62.99, 0, 180],
		[430, "U7_10", 1633.06, -1752.76, "T", "SMD", "GND", "GND", "O", 11.81, 62.99, 0, 180],
		[431, "U7_11", 1613.37, -1752.76, "T", "SMD", "VCC+3.3V", "", "O", 11.81, 62.99, 0, 180],
		[432, "U7_12", 1593.68, -1752.76, "T", "SMD", "OSCH1", "", "O", 11.81, 62.99, 0, 180],
		[433, "U7_13", 1574, -1752.76, "T", "SMD", "OSCH2", "", "O", 11.81, 62.99, 0, 180],
		[434, "U7_14", 1554.31, -1752.76, "T", "SMD", "RST", "", "O", 11.81, 62.99, 0, 180],
		[435, "U7_15", 1534.63, -1752.76, "T", "SMD", "PC0", "", "O", 11.81, 62.99, 0, 180],
		[436, "U7_16", 1514.94, -1752.76, "T", "SMD", "PC1", "", "O", 11.81, 62.99, 0, 180],
		[437, "U7_17", 1495.26, -1752.76, "T", "SMD", "PC2", "", "O", 11.81, 62.99, 0, 180],
		[438, "U7_18", 1475.57, -1752.76, "T", "SMD", "PC3", "", "O", 11.81, 62.99, 0, 180],
		[439, "U7_19", 1455.89, -1752.76, "T", "SMD", "AGND", "", "O", 11.81, 62.99, 0, 180],
		[440, "U7_20", 1436.2, -1752.76, "T", "SMD", "AGND", "", "O", 11.81, 62.99, 0, 180],
		[441, "U7_21", 1416.52, -1752.76, "T", "SMD", "$1N1974", "", "O", 11.81, 62.99, 0, 180],
		[442, "U7_22", 1396.83, -1752.76, "T", "SMD", "VCCA+3.3V", "", "O", 11.81, 62.99, 0, 180],
		[443, "U7_23", 1377.15, -1752.76, "T", "SMD", "PA0", "", "O", 11.81, 62.99, 0, 180],
		[444, "U7_24", 1357.46, -1752.76, "T", "SMD", "PA1", "", "O", 11.81, 62.99, 0, 180],
		[445, "U7_25", 1337.78, -1752.76, "T", "SMD", "PA2", "", "O", 11.81, 62.99, 0, 180],
		[446, "U7_26", 1276.76, -1813.78, "T", "SMD", "PA3", "", "O", 62.99, 11.81, 0, 180],
		[447, "U7_27", 1276.76, -1833.46, "T", "SMD", "GND", "GND", "O", 62.99, 11.81, 0, 180],
		[448, "U7_28", 1276.76, -1853.15, "T", "SMD", "VCC+3.3V", "", "O", 62.99, 11.81, 0, 180],
		[449, "U7_29", 1276.76, -1872.83, "T", "SMD", "PA4", "", "O", 62.99, 11.81, 0, 180],
		[450, "U7_30", 1276.76, -1892.52, "T", "SMD", "PA5", "", "O", 62.99, 11.81, 0, 180],
		[451, "U7_31", 1276.76, -1912.2, "T", "SMD", "PA6", "", "O", 62.99, 11.81, 0, 180],
		[452, "U7_32", 1276.76, -1931.89, "T", "SMD", "PA7", "", "O", 62.99, 11.81, 0, 180],
		[453, "U7_33", 1276.76, -1951.57, "T", "SMD", "PC4", "", "O", 62.99, 11.81, 0, 180],
		[454, "U7_34", 1276.76, -1971.26, "T", "SMD", "PC5", "", "O", 62.99, 11.81, 0, 180],
		[455, "U7_35", 1276.76, -1990.94, "T", "SMD", "PB0", "", "O", 62.99, 11.81, 0, 180],
		[456, "U7_36", 1276.76, -2010.63, "T", "SMD", "PB1", "", "O", 62.99, 11.81, 0, 180],
		[457, "U7_37", 1276.76, -2030.32, "T", "SMD", "BOOT1", "", "O", 62.99, 11.81, 0, 180],
		[458, "U7_38", 1276.76, -2050, "T", "SMD", "PE7", "", "O", 62.99, 11.81, 0, 180],
		[459, "U7_39", 1276.76, -2069.69, "T", "SMD", "PE8", "", "O", 62.99, 11.81, 0, 180],
		[460, "U7_40", 1276.76, -2089.37, "T", "SMD", "PE9", "", "O", 62.99, 11.81, 0, 180],
		[461, "U7_41", 1276.76, -2109.06, "T", "SMD", "PE10", "", "O", 62.99, 11.81, 0, 180],
		[462, "U7_42", 1276.76, -2128.74, "T", "SMD", "PE11", "", "O", 62.99, 11.81, 0, 180],
		[463, "U7_43", 1276.76, -2148.43, "T", "SMD", "PE12", "", "O", 62.99, 11.81, 0, 180],
		[464, "U7_44", 1276.76, -2168.11, "T", "SMD", "PE13", "", "O", 62.99, 11.81, 0, 180],
		[465, "U7_45", 1276.76, -2187.8, "T", "SMD", "PE14", "", "O", 62.99, 11.81, 0, 180],
		[466, "U7_46", 1276.76, -2207.48, "T", "SMD", "PE15", "", "O", 62.99, 11.81, 0, 180],
		[467, "U7_47", 1276.76, -2227.17, "T", "SMD", "PB10", "", "O", 62.99, 11.81, 0, 180],
		[468, "U7_48", 1276.76, -2246.85, "T", "SMD", "PB11", "", "O", 62.99, 11.81, 0, 180],
		[469, "U7_49", 1276.76, -2266.54, "T", "SMD", "GND", "GND", "O", 62.99, 11.81, 0, 180],
		[470, "U7_50", 1276.76, -2286.22, "T", "SMD", "VCC+3.3V", "", "O", 62.99, 11.81, 0, 180],
		[471, "U7_51", 1337.78, -2347.24, "T", "SMD", "PB12", "", "O", 11.81, 62.99, 0, 180],
		[472, "U7_52", 1357.46, -2347.24, "T", "SMD", "PB13", "", "O", 11.81, 62.99, 0, 180],
		[473, "U7_53", 1377.15, -2347.24, "T", "SMD", "PB14", "", "O", 11.81, 62.99, 0, 180],
		[474, "U7_54", 1396.83, -2347.24, "T", "SMD", "PB15", "", "O", 11.81, 62.99, 0, 180],
		[475, "U7_55", 1416.52, -2347.24, "T", "SMD", "PD8", "", "O", 11.81, 62.99, 0, 180],
		[476, "U7_56", 1436.2, -2347.24, "T", "SMD", "PD9", "", "O", 11.81, 62.99, 0, 180],
		[477, "U7_57", 1455.89, -2347.24, "T", "SMD", "PD10", "", "O", 11.81, 62.99, 0, 180],
		[478, "U7_58", 1475.57, -2347.24, "T", "SMD", "PD11", "", "O", 11.81, 62.99, 0, 180],
		[479, "U7_59", 1495.26, -2347.24, "T", "SMD", "PD12", "", "O", 11.81, 62.99, 0, 180],
		[480, "U7_60", 1514.94, -2347.24, "T", "SMD", "PD13", "", "O", 11.81, 62.99, 0, 180],
		[481, "U7_61", 1534.63, -2347.24, "T", "SMD", "PD14", "", "O", 11.81, 62.99, 0, 180],
		[482, "U7_62", 1554.31, -2347.24, "T", "SMD", "PD15", "", "O", 11.81, 62.99, 0, 180],
		[483, "U7_63", 1574, -2347.24, "T", "SMD", "PC6", "", "O", 11.81, 62.99, 0, 180],
		[484, "U7_64", 1593.68, -2347.24, "T", "SMD", "PC7", "", "O", 11.81, 62.99, 0, 180],
		[485, "U7_65", 1613.37, -2347.24, "T", "SMD", "PC8", "", "O", 11.81, 62.99, 0, 180],
		[486, "U7_66", 1633.06, -2347.24, "T", "SMD", "PC9", "", "O", 11.81, 62.99, 0, 180],
		[487, "U7_67", 1652.74, -2347.24, "T", "SMD", "PA8", "", "O", 11.81, 62.99, 0, 180],
		[488, "U7_68", 1672.43, -2347.24, "T", "SMD", "PA9", "", "O", 11.81, 62.99, 0, 180],
		[489, "U7_69", 1692.11, -2347.24, "T", "SMD", "PA10", "", "O", 11.81, 62.99, 0, 180],
		[490, "U7_70", 1711.8, -2347.24, "T", "SMD", "PA11", "", "O", 11.81, 62.99, 0, 180],
		[491, "U7_71", 1731.48, -2347.24, "T", "SMD", "PA12", "", "O", 11.81, 62.99, 0, 180],
		[492, "U7_72", 1751.17, -2347.24, "T", "SMD", "PA13", "", "O", 11.81, 62.99, 0, 180],
		[493, "U7_73", 1770.85, -2347.24, "T", "SMD", "U7_73", "", "O", 11.81, 62.99, 0, 180],
		[494, "U7_74", 1790.54, -2347.24, "T", "SMD", "GND", "GND", "O", 11.81, 62.99, 0, 180],
		[495, "U7_75", 1810.22, -2347.24, "T", "SMD", "VCC+3.3V", "", "O", 11.81, 62.99, 0, 180],
		[496, "U7_76", 1871.24, -2286.22, "T", "SMD", "PA14", "", "O", 62.99, 11.81, 0, 180],
		[497, "U7_77", 1871.24, -2266.54, "T", "SMD", "PA15", "", "O", 62.99, 11.81, 0, 180],
		[498, "U7_78", 1871.24, -2246.85, "T", "SMD", "PC10", "", "O", 62.99, 11.81, 0, 180],
		[499, "U7_79", 1871.24, -2227.17, "T", "SMD", "PC11", "", "O", 62.99, 11.81, 0, 180],
		[500, "U7_80", 1871.24, -2207.48, "T", "SMD", "PC12", "", "O", 62.99, 11.81, 0, 180],
		[501, "U7_81", 1871.24, -2187.8, "T", "SMD", "PD0", "", "O", 62.99, 11.81, 0, 180],
		[502, "U7_82", 1871.24, -2168.11, "T", "SMD", "PD1", "", "O", 62.99, 11.81, 0, 180],
		[503, "U7_83", 1871.24, -2148.43, "T", "SMD", "PD2", "", "O", 62.99, 11.81, 0, 180],
		[504, "U7_84", 1871.24, -2128.74, "T", "SMD", "PD3", "", "O", 62.99, 11.81, 0, 180],
		[505, "U7_85", 1871.24, -2109.06, "T", "SMD", "PD4", "", "O", 62.99, 11.81, 0, 180],
		[506, "U7_86", 1871.24, -2089.37, "T", "SMD", "PD5", "", "O", 62.99, 11.81, 0, 180],
		[507, "U7_87", 1871.24, -2069.69, "T", "SMD", "PD6", "", "O", 62.99, 11.81, 0, 180],
		[508, "U7_88", 1871.24, -2050, "T", "SMD", "PD7", "", "O", 62.99, 11.81, 0, 180],
		[509, "U7_89", 1871.24, -2030.32, "T", "SMD", "PB3", "", "O", 62.99, 11.81, 0, 180],
		[510, "U7_90", 1871.24, -2010.63, "T", "SMD", "PB4", "", "O", 62.99, 11.81, 0, 180],
		[511, "U7_91", 1871.24, -1990.94, "T", "SMD", "PB5", "", "O", 62.99, 11.81, 0, 180],
		[512, "U7_92", 1871.24, -1971.26, "T", "SMD", "PB6", "", "O", 62.99, 11.81, 0, 180],
		[513, "U7_93", 1871.24, -1951.57, "T", "SMD", "PB7", "", "O", 62.99, 11.81, 0, 180],
		[514, "U7_94", 1871.24, -1931.89, "T", "SMD", "BOOT0", "", "O", 62.99, 11.81, 0, 180],
		[515, "U7_95", 1871.24, -1912.2, "T", "SMD", "PB8", "", "O", 62.99, 11.81, 0, 180],
		[516, "U7_96", 1871.24, -1892.52, "T", "SMD", "PB9", "", "O", 62.99, 11.81, 0, 180],
		[517, "U7_97", 1871.24, -1872.83, "T", "SMD", "PE0", "", "O", 62.99, 11.81, 0, 180],
		[518, "U7_98", 1871.24, -1853.15, "T", "SMD", "PE1", "", "O", 62.99, 11.81, 0, 180],
		[519, "U7_99", 1871.24, -1833.46, "T", "SMD", "GND", "GND", "O", 62.99, 11.81, 0, 180],
		[520, "U7_100", 1871.24, -1813.78, "T", "SMD", "VCC+3.3V", "", "O", 62.99, 11.81, 0, 180],
		[521, "U8_1", 998.63, -1458.6, "T", "SMD", "$1N1974", "", "R", 49.21, 27.56, 0, 180],
		[522, "U8_2", 998.63, -1533.4, "T", "SMD", "$1N1974", "", "R", 49.21, 27.56, 0, 180],
		[523, "U8_3", 1077.37, -1496, "T", "SMD", "AGND", "", "R", 49.21, 27.56, 0, 180],
		[524, "U9_1", 2389.61, -2836.07, "T", "DIP", "AGND", "", "C", 86.61, 86.61, 62.99, 0],
		[525, "U9_1", 2389.61, -2836.07, "B", "DIP", "AGND", "", "C", 86.61, 86.61, 62.99, 0],
		[526, "U9_2", 2590.39, -2836.07, "T", "DIP", "AGND", "", "C", 86.61, 86.61, 62.99, 0],
		[527, "U9_2", 2590.39, -2836.07, "B", "DIP", "AGND", "", "C", 86.61, 86.61, 62.99, 0],
		[528, "U9_3", 2590.39, -3036.85, "T", "DIP", "AGND", "", "C", 86.61, 86.61, 62.99, 0],
		[529, "U9_3", 2590.39, -3036.85, "B", "DIP", "AGND", "", "C", 86.61, 86.61, 62.99, 0],
		[530, "U9_4", 2389.61, -3036.85, "T", "DIP", "AGND", "", "C", 86.61, 86.61, 62.99, 0],
		[531, "U9_4", 2389.61, -3036.85, "B", "DIP", "AGND", "", "C", 86.61, 86.61, 62.99, 0],
		[532, "U9_5", 2490, -2936.46, "T", "DIP", "PA0", "", "C", 78.74, 78.74, 59.06, 0],
		[533, "U9_5", 2490, -2936.46, "B", "DIP", "PA0", "", "C", 78.74, 78.74, 59.06, 0],
		[534, "U10_1", 2389.61, -3218.15, "T", "DIP", "AGND", "", "C", 86.61, 86.61, 62.99, 0],
		[535, "U10_1", 2389.61, -3218.15, "B", "DIP", "AGND", "", "C", 86.61, 86.61, 62.99, 0],
		[536, "U10_2", 2590.39, -3218.15, "T", "DIP", "AGND", "", "C", 86.61, 86.61, 62.99, 0],
		[537, "U10_2", 2590.39, -3218.15, "B", "DIP", "AGND", "", "C", 86.61, 86.61, 62.99, 0],
		[538, "U10_3", 2590.39, -3418.93, "T", "DIP", "AGND", "", "C", 86.61, 86.61, 62.99, 0],
		[539, "U10_3", 2590.39, -3418.93, "B", "DIP", "AGND", "", "C", 86.61, 86.61, 62.99, 0],
		[540, "U10_4", 2389.61, -3418.93, "T", "DIP", "AGND", "", "C", 86.61, 86.61, 62.99, 0],
		[541, "U10_4", 2389.61, -3418.93, "B", "DIP", "AGND", "", "C", 86.61, 86.61, 62.99, 0],
		[542, "U10_5", 2490, -3318.54, "T", "DIP", "PA1", "", "C", 78.74, 78.74, 59.06, 0],
		[543, "U10_5", 2490, -3318.54, "B", "DIP", "PA1", "", "C", 78.74, 78.74, 59.06, 0],
		[544, "U11_1", 2779.61, -2836.07, "T", "DIP", "AGND", "", "C", 86.61, 86.61, 62.99, 0],
		[545, "U11_1", 2779.61, -2836.07, "B", "DIP", "AGND", "", "C", 86.61, 86.61, 62.99, 0],
		[546, "U11_2", 2980.39, -2836.07, "T", "DIP", "AGND", "", "C", 86.61, 86.61, 62.99, 0],
		[547, "U11_2", 2980.39, -2836.07, "B", "DIP", "AGND", "", "C", 86.61, 86.61, 62.99, 0],
		[548, "U11_3", 2980.39, -3036.85, "T", "DIP", "AGND", "", "C", 86.61, 86.61, 62.99, 0],
		[549, "U11_3", 2980.39, -3036.85, "B", "DIP", "AGND", "", "C", 86.61, 86.61, 62.99, 0],
		[550, "U11_4", 2779.61, -3036.85, "T", "DIP", "AGND", "", "C", 86.61, 86.61, 62.99, 0],
		[551, "U11_4", 2779.61, -3036.85, "B", "DIP", "AGND", "", "C", 86.61, 86.61, 62.99, 0],
		[552, "U11_5", 2880, -2936.46, "T", "DIP", "PA4", "", "C", 78.74, 78.74, 59.06, 0],
		[553, "U11_5", 2880, -2936.46, "B", "DIP", "PA4", "", "C", 78.74, 78.74, 59.06, 0],
		[554, "U12_1", 2779.61, -3218.15, "T", "DIP", "AGND", "", "C", 86.61, 86.61, 62.99, 0],
		[555, "U12_1", 2779.61, -3218.15, "B", "DIP", "AGND", "", "C", 86.61, 86.61, 62.99, 0],
		[556, "U12_2", 2980.39, -3218.15, "T", "DIP", "AGND", "", "C", 86.61, 86.61, 62.99, 0],
		[557, "U12_2", 2980.39, -3218.15, "B", "DIP", "AGND", "", "C", 86.61, 86.61, 62.99, 0],
		[558, "U12_3", 2980.39, -3418.93, "T", "DIP", "AGND", "", "C", 86.61, 86.61, 62.99, 0],
		[559, "U12_3", 2980.39, -3418.93, "B", "DIP", "AGND", "", "C", 86.61, 86.61, 62.99, 0],
		[560, "U12_4", 2779.61, -3418.93, "T", "DIP", "AGND", "", "C", 86.61, 86.61, 62.99, 0],
		[561, "U12_4", 2779.61, -3418.93, "B", "DIP", "AGND", "", "C", 86.61, 86.61, 62.99, 0],
		[562, "U12_5", 2880, -3318.54, "T", "DIP", "PA5", "", "C", 78.74, 78.74, 59.06, 0],
		[563, "U12_5", 2880, -3318.54, "B", "DIP", "PA5", "", "C", 78.74, 78.74, 59.06, 0],
		[564, "U13_1", 1348.43, -3559.05, "B", "SMD", "VCC+5V", "", "R", 51.18, 169.29, 0, 180],
		[565, "U13_2", 1250.01, -3559.05, "B", "SMD", "PA15", "", "R", 51.18, 169.29, 0, 180],
		[566, "U13_3", 1151.58, -3559.05, "B", "SMD", "PB3", "", "R", 51.18, 169.29, 0, 180],
		[567, "U13_4", 1053.16, -3559.05, "B", "SMD", "PB4", "", "R", 51.18, 169.29, 0, 180],
		[568, "U13_5", 954.73, -3559.05, "B", "SMD", "PB5", "", "R", 51.18, 169.29, 0, 180],
		[569, "U13_6", 856.3, -3559.05, "B", "SMD", "GND", "GND", "R", 51.18, 169.29, 0, 180],
		[570, "U13_7", 1435.04, -3842.52, "B", "SMD", "GND", "GND", "R", 70.87, 153.54, 0, 0],
		[571, "U13_8", 769.68, -3842.51, "B", "SMD", "GND", "GND", "R", 70.87, 153.54, 0, 0],
		[572, "U14_1", 2293.31, -3559.05, "B", "SMD", "VCC+5V", "", "R", 51.18, 169.29, 0, 180],
		[573, "U14_2", 2194.89, -3559.05, "B", "SMD", "PB15", "", "R", 51.18, 169.29, 0, 180],
		[574, "U14_3", 2096.46, -3559.05, "B", "SMD", "PB14", "", "R", 51.18, 169.29, 0, 180],
		[575, "U14_4", 1998.04, -3559.05, "B", "SMD", "PB13", "", "R", 51.18, 169.29, 0, 180],
		[576, "U14_5", 1899.61, -3559.05, "B", "SMD", "PB12", "", "R", 51.18, 169.29, 0, 180],
		[577, "U14_6", 1801.18, -3559.05, "B", "SMD", "GND", "GND", "R", 51.18, 169.29, 0, 180],
		[578, "U14_7", 2379.92, -3842.52, "B", "SMD", "GND", "GND", "R", 70.87, 153.54, 0, 0],
		[579, "U14_8", 1714.56, -3842.51, "B", "SMD", "GND", "GND", "R", 70.87, 153.54, 0, 0],
		[580, "U15_1", 928.09, -880, "T", "SMD", "GND", "GND", "O", 22.05, 68.7, 0, 90],
		[581, "U15_2", 928.09, -830, "T", "SMD", "PA10", "", "O", 22.05, 68.7, 0, 90],
		[582, "U15_3", 928.09, -780, "T", "SMD", "PA9", "", "O", 22.05, 68.7, 0, 90],
		[583, "U15_4", 928.09, -730, "T", "SMD", "VCC+3.3V", "", "O", 22.05, 68.7, 0, 90],
		[584, "U15_5", 928.09, -680, "T", "SMD", "DP", "", "O", 22.05, 68.7, 0, 90],
		[585, "U15_6", 928.09, -630, "T", "SMD", "DN", "", "O", 22.05, 68.7, 0, 90],
		[586, "U15_7", 928.09, -580, "T", "SMD", "U15_7", "", "O", 22.05, 68.7, 0, 90],
		[587, "U15_8", 928.09, -530, "T", "SMD", "U15_8", "", "O", 22.05, 68.7, 0, 90],
		[588, "U15_9", 701.91, -530, "T", "SMD", "U15_9", "", "O", 22.05, 68.7, 0, 90],
		[589, "U15_10", 701.91, -580, "T", "SMD", "U15_10", "", "O", 22.05, 68.7, 0, 90],
		[590, "U15_11", 701.91, -630, "T", "SMD", "U15_11", "", "O", 22.05, 68.7, 0, 90],
		[591, "U15_12", 701.91, -680, "T", "SMD", "U15_12", "", "O", 22.05, 68.7, 0, 90],
		[592, "U15_13", 701.91, -730, "T", "SMD", "DTR", "", "O", 22.05, 68.7, 0, 90],
		[593, "U15_14", 701.91, -780, "T", "SMD", "RTS", "", "O", 22.05, 68.7, 0, 90],
		[594, "U15_15", 701.91, -830, "T", "SMD", "U15_15", "", "O", 22.05, 68.7, 0, 90],
		[595, "U15_16", 701.91, -880, "T", "SMD", "VCC+3.3V", "", "O", 22.05, 68.7, 0, 90],
		[596, "U16_1", 1201.69, -594.85, "T", "SMD", "$3N3983", "", "R", 47.24, 45.28, 0, 0],
		[597, "U16_2", 1338.31, -594.85, "T", "SMD", "RST", "", "R", 47.24, 45.28, 0, 0],
		[598, "USB1_1", 700.08, -234.49, "T", "DIP", "GND", "GND", "O", 39.37, 78.74, 66.93, 180],
		[599, "USB1_1", 700.08, -234.49, "B", "DIP", "GND", "GND", "O", 39.37, 78.74, 66.93, 180],
		[600, "USB1_2", 359.92, -234.49, "T", "DIP", "GND", "GND", "O", 39.37, 78.74, 66.93, 180],
		[601, "USB1_2", 359.92, -234.49, "B", "DIP", "GND", "GND", "O", 39.37, 78.74, 66.93, 180],
		[602, "USB1_3", 700.08, -69.92, "T", "DIP", "GND", "GND", "O", 39.37, 70.87, 55.12, 180],
		[603, "USB1_3", 700.08, -69.92, "B", "DIP", "GND", "GND", "O", 39.37, 70.87, 55.12, 180],
		[604, "USB1_4", 359.92, -69.92, "T", "DIP", "GND", "GND", "O", 39.37, 70.87, 55.12, 180],
		[605, "USB1_4", 359.92, -69.92, "B", "DIP", "GND", "GND", "O", 39.37, 70.87, 55.12, 180],
		[606, "USB1_A1", 661.89, -260.08, "T", "SMD", "GND", "GND", "R", 11.81, 51.18, 0, 180],
		[607, "USB1_A12", 398.11, -260.08, "T", "SMD", "GND", "GND", "R", 11.81, 51.18, 0, 180],
		[608, "USB1_A4", 630.39, -260.08, "T", "SMD", "USB+5V", "", "R", 11.81, 51.18, 0, 180],
		[609, "USB1_A5", 579.21, -260.08, "T", "SMD", "CC21", "", "R", 11.81, 51.18, 0, 180],
		[610, "USB1_A6", 539.84, -260.08, "T", "SMD", "DP", "", "R", 11.81, 51.18, 0, 180],
		[611, "USB1_A7", 520.16, -260.08, "T", "SMD", "DN", "", "R", 11.81, 51.18, 0, 180],
		[612, "USB1_A8", 480.8, -260.08, "T", "SMD", "USB1_A8", "", "R", 11.81, 51.18, 0, 180],
		[613, "USB1_A9", 429.61, -260.08, "T", "SMD", "USB+5V", "", "R", 11.81, 51.18, 0, 0],
		[614, "USB1_B1", 409.92, -260.08, "T", "SMD", "GND", "GND", "R", 11.81, 51.18, 0, 180],
		[615, "USB1_B12", 650.08, -260.08, "T", "SMD", "GND", "GND", "R", 11.81, 51.18, 0, 180],
		[616, "USB1_B4", 441.42, -260.08, "T", "SMD", "USB+5V", "", "R", 11.81, 51.18, 0, 0],
		[617, "USB1_B5", 461.1, -260.08, "T", "SMD", "CC22", "", "R", 11.81, 51.18, 0, 180],
		[618, "USB1_B6", 500.47, -260.08, "T", "SMD", "DP", "", "R", 11.81, 51.18, 0, 180],
		[619, "USB1_B7", 559.53, -260.08, "T", "SMD", "DN", "", "R", 11.81, 51.18, 0, 180],
		[620, "USB1_B8", 598.9, -260.08, "T", "SMD", "USB1_B8", "", "R", 11.81, 51.18, 0, 180],
		[621, "USB1_B9", 618.58, -260.08, "T", "SMD", "USB+5V", "", "R", 11.81, 51.18, 0, 180],
		[622, "USB2_1", 1330.08, -234.49, "T", "DIP", "GND", "GND", "O", 39.37, 78.74, 66.93, 180],
		[623, "USB2_1", 1330.08, -234.49, "B", "DIP", "GND", "GND", "O", 39.37, 78.74, 66.93, 180],
		[624, "USB2_2", 989.92, -234.49, "T", "DIP", "GND", "GND", "O", 39.37, 78.74, 66.93, 180],
		[625, "USB2_2", 989.92, -234.49, "B", "DIP", "GND", "GND", "O", 39.37, 78.74, 66.93, 180],
		[626, "USB2_3", 1330.08, -69.92, "T", "DIP", "GND", "GND", "O", 39.37, 70.87, 55.12, 180],
		[627, "USB2_3", 1330.08, -69.92, "B", "DIP", "GND", "GND", "O", 39.37, 70.87, 55.12, 180],
		[628, "USB2_4", 989.92, -69.92, "T", "DIP", "GND", "GND", "O", 39.37, 70.87, 55.12, 180],
		[629, "USB2_4", 989.92, -69.92, "B", "DIP", "GND", "GND", "O", 39.37, 70.87, 55.12, 180],
		[630, "USB2_A1", 1291.89, -260.08, "T", "SMD", "GND", "GND", "R", 11.81, 51.18, 0, 180],
		[631, "USB2_A12", 1028.11, -260.08, "T", "SMD", "GND", "GND", "R", 11.81, 51.18, 0, 180],
		[632, "USB2_A4", 1260.39, -260.08, "T", "SMD", "USB+5V", "", "R", 11.81, 51.18, 0, 180],
		[633, "USB2_A5", 1209.21, -260.08, "T", "SMD", "CC11", "", "R", 11.81, 51.18, 0, 180],
		[634, "USB2_A6", 1169.84, -260.08, "T", "SMD", "PA12", "", "R", 11.81, 51.18, 0, 180],
		[635, "USB2_A7", 1150.16, -260.08, "T", "SMD", "PA11", "", "R", 11.81, 51.18, 0, 180],
		[636, "USB2_A8", 1110.8, -260.08, "T", "SMD", "USB2_A8", "", "R", 11.81, 51.18, 0, 180],
		[637, "USB2_A9", 1059.61, -260.08, "T", "SMD", "USB+5V", "", "R", 11.81, 51.18, 0, 0],
		[638, "USB2_B1", 1039.92, -260.08, "T", "SMD", "GND", "GND", "R", 11.81, 51.18, 0, 180],
		[639, "USB2_B12", 1280.08, -260.08, "T", "SMD", "GND", "GND", "R", 11.81, 51.18, 0, 180],
		[640, "USB2_B4", 1071.42, -260.08, "T", "SMD", "USB+5V", "", "R", 11.81, 51.18, 0, 0],
		[641, "USB2_B5", 1091.1, -260.08, "T", "SMD", "CC12", "", "R", 11.81, 51.18, 0, 180],
		[642, "USB2_B6", 1130.47, -260.08, "T", "SMD", "PA12", "", "R", 11.81, 51.18, 0, 180],
		[643, "USB2_B7", 1189.53, -260.08, "T", "SMD", "PA11", "", "R", 11.81, 51.18, 0, 180],
		[644, "USB2_B8", 1228.9, -260.08, "T", "SMD", "USB2_B8", "", "R", 11.81, 51.18, 0, 180],
		[645, "USB2_B9", 1248.58, -260.08, "T", "SMD", "USB+5V", "", "R", 11.81, 51.18, 0, 180],
		[646, "X1_1", 1420.69, -1555.46, "T", "SMD", "OSCH2", "", "R", 55.12, 47.24, 0, 0],
		[647, "X1_2", 1507.31, -1555.46, "T", "SMD", "GND", "GND", "R", 55.12, 47.24, 0, 0],
		[648, "X1_3", 1507.31, -1488.53, "T", "SMD", "OSCH1", "", "R", 55.12, 47.24, 0, 0],
		[649, "X1_4", 1420.69, -1488.53, "T", "SMD", "GND", "GND", "R", 55.12, 47.24, 0, 0],
		[650, "X2_1", 1774.8, -1596, "T", "SMD", "OSCL2", "", "R", 41.34, 66.93, 0, 0],
		[651, "X2_2", 1875.2, -1596, "T", "SMD", "OSCL1", "", "R", 41.34, 66.93, 0, 0]
	]
}
}